from_node,to_node,travel_time
484121,26784546,41
16541457,256724098,1
16541457,16541467,71
16541461,27587405,47
16541464,26943821,0
16541464,27560124,51
16541465,29272980,85
16541465,26943818,1
16541465,5257308490,16
16541467,527332338,1
16541467,16541468,3
16541468,26904543,1
16541469,1092585666,37
16541469,26904542,4
16541471,26745972,1
16541471,26745971,2
16541474,16541469,5
16541478,282763131,0
16541478,26904555,36
16541483,29030467,17
16541483,267046792,19
16541486,156869073,0
16541486,29030467,8
16541488,401899514,37
16541488,26745957,11
16541488,268107482,34
20246276,26736159,0
20246276,26704061,177
21487101,26784929,1
21487101,26784970,54
21487105,26785792,20
21487105,3336866734,4
21487141,26745961,1
21487141,26785772,22
21487142,26662395,94
21487142,26785753,3
21487143,21487142,1
21487144,251106770,1
21487145,21487148,1
21487146,21487168,1
21487148,21487144,3
21487148,802800009,12
21487168,21487145,4
21487246,26788842,15
21487246,26731247,6
21487260,26739109,0
21487260,1083647948,6
26624521,26736227,1
26624521,26627429,43
26624530,26740525,6
26624530,26642117,3
26624540,26682630,1
26624540,26731191,32
26624548,26734555,6
26624548,26806097,168
26624548,602232365,55
26624556,26682583,0
26624556,26624521,21
26627364,26751256,1
26627365,26627364,1
26627372,26627429,1
26627372,26736227,42
26627429,26729471,1
26629160,26739110,1
26642106,26763086,1
26642106,26731297,5
26642107,26731192,0
26642107,26642118,7
26642108,26642107,1
26642108,1083648409,161
26642117,26729524,1
26642117,26740525,3
26646224,602232364,0
26646224,602232365,2
26646260,26729472,0
26646260,26627372,39
26662395,26736197,0
26662395,26784928,110
26662404,21487101,0
26662404,26750505,16
26662457,26750541,17
26662457,26750538,3
26662466,26662457,1
26682534,30427951,18
26682534,30736688,74
26682574,26763861,2
26682574,26787934,15
26682582,26682656,0
26682582,26731233,40
26682583,26682657,0
26682583,26682654,9
26682630,26682651,1
26682630,26740515,3
26682636,26708501,1
26682636,270182847,27
26682640,2306718621,2
26682640,26682643,22
26682643,26682636,1
26682643,26734558,113
26682651,26734489,1
26682651,26708489,88
26682654,26682582,1
26682654,26751262,25
26682655,26682654,0
26682655,26682657,9
26682656,26682655,0
26682657,27603959,1
26682657,538599447,33
26704061,26763054,18
26704061,26762967,0
26704067,26763048,0
26704067,21487146,86
26704508,26763011,0
26704508,26704515,17
26704511,26704513,1
26704511,26763057,82
26704513,26704511,1
26704513,26763003,9
26704514,26763003,1
26704514,26704511,9
26704515,26763077,1
26704515,26704514,4
26704550,26731297,1
26704550,26763077,6
26704550,26763086,5
26704560,26763044,0
26704560,26787963,3
26704776,26761232,0
26708454,26708455,1
26708454,21487141,35
26708454,26785772,67
26708455,26708454,1
26708455,4782393069,1
26708459,21487141,1
26708459,26708455,35
26708460,26662395,2
26708460,26785753,94
26708489,26731248,2
26708489,601409794,31
26708501,312215682,1
26708501,26704550,23
26708504,26627365,27
26729471,26729487,1
26729471,1189251454,27
26729487,26627372,1
26729487,26729472,45
26729491,26751262,1
26729491,26682582,27
26729524,26740508,1
26729524,26624540,30
26731191,26642108,0
26731191,26729524,39
26731192,26731191,1
26731192,26682630,32
26731232,26682574,0
26731233,26731232,1
26731233,272427530,1
26731237,272427526,23
26731237,26787934,41
26731246,26708489,2
26731246,26734489,89
26731247,9072528195,3
26731247,26731246,2
26731248,21487246,6
26731248,26731247,2
26731297,26704550,1
26731297,312215682,23
26734489,26624540,1
26734489,26740508,31
26734491,26740507,3
26734491,5496911310,45
26734554,26682636,113
26734554,26734558,2
26734555,26734554,0
26734558,26734559,2
26734558,26839931,67
26734559,26624548,6
26734559,26734555,2
26736127,26736160,0
26736127,26868066,132
26736159,26736127,1
26736159,26708460,58
26736160,20246276,1
26736160,26682640,35
26736196,26708460,0
26736196,26736127,58
26736197,26736196,2
26736197,4782393070,58
26736225,26729491,5
26736225,11165604712,36
26736227,26729491,0
26736227,26736225,5
26736505,26738439,1
26736505,935612264,3
26736516,26736505,10
26738438,5313873458,0
26738438,26739108,136
26738439,26738438,11
26739108,835558089,1
26739108,21487260,4
26739109,26629160,1
26739109,26739125,4
26739110,21487260,1
26739110,835558089,4
26739125,26739129,1
26739125,26739127,6
26739127,26739129,6
26739127,602244712,29
26739129,26739125,1
26739129,26629160,5
26739129,26806097,111
26740507,26642117,0
26740507,270182848,25
26740508,26740507,1
26740508,26734491,3
26740515,538599447,6
26740515,26682651,3
26740525,26642108,37
26743960,270182847,2
26743960,2306718621,46
26743963,20246276,34
26745939,26745975,0
26745957,29030468,0
26745957,16541486,5
26745957,16541488,11
26745960,26708459,1
26745960,26868067,28
26745961,26745960,1
26745961,9052311226,36
26745970,26745992,1
26745970,268107482,6
26745971,26745970,19
26745972,26868066,1
26745972,26736160,132
26745975,26745970,1
26745975,26745972,22
26745992,26745939,1
26745992,26734559,79
26750462,30736688,1
26750462,26784426,50
26750505,26784426,34
26750505,21487101,17
26750531,26750538,18
26750538,26784543,0
26751256,26751257,1
26751256,26751315,24
26751257,26627365,2
26751257,26944215,21
26751262,26624521,0
26751262,26682583,21
26751315,263125693,1
26761220,26761221,0
26761220,3666634602,15
26761221,26704560,0
26761221,26761223,23
26761223,26761224,1
26761223,26761226,7
26761224,26704776,1
26761226,26761227,0
26761226,678884838,21
26761227,26761226,0
26761227,26761224,8
26761232,26761223,1
26761232,26704560,23
26761245,26731246,3
26762956,26763054,1
26762956,26762967,17
26762962,26704067,1
26762967,26762983,1
26762967,1560791805,2
26762974,26762962,0
26762974,29831527,8
26762979,26762956,1
26762983,26763067,0
26762983,26762974,11
26763000,26762962,9
26763000,29831527,1
26763003,26642106,1
26763011,5496911312,1
26763011,26704508,0
26763044,26761220,1
26763044,3229469783,31
26763048,26762974,1
26763048,26763067,12
26763054,26763057,1
26763054,26704513,82
26763057,26762979,1
26763057,26787965,8
26763065,26704515,0
26763065,26763011,17
26763067,26704061,1
26763067,26736159,178
26763077,26763065,1
26763077,5496911310,3
26763086,26704514,1
26763086,26763077,4
26763861,26731233,0
26763861,26682656,40
26784424,30427949,0
26784424,30427948,3
26784426,30736688,50
26784426,26750505,34
26784543,26784546,2
26784543,484078,40
26784546,26785750,1
26784555,26750462,31
26784555,26662466,2
26784928,26662404,1
26784928,21487143,117
26784929,26784928,0
26784929,26736197,111
26784970,26784929,54
26784970,26785792,43
26785750,26785751,2
26785751,26784555,1
26785753,1560792391,4
26785772,26785774,1
26785772,26708454,67
26785772,26785789,44
26785774,26785772,1
26785774,26745961,22
26785788,26785789,1
26785788,26785774,44
26785789,26785790,1
26785789,21487105,21
26785790,26785791,1
26785790,2296386929,10
26785791,26785788,1
26785791,250055663,156
26785792,26785796,20
26785792,26784970,43
26785796,21487105,1
26785796,26785790,20
26787053,26708504,29
26787933,26787053,41
26787933,26763861,15
26787934,601409797,14
26787963,26763044,3
26787963,26787965,13
26787965,26787963,13
26787965,26762979,8
26787978,20246271,2
26787978,1560791805,6
26788842,21487246,15
26806097,26739129,111
26806097,26624548,168
26838117,602244726,0
26839931,26745939,12
26868066,26868067,1
26868066,26708459,29
26868067,16541471,1
26868067,26904542,39
26903229,267980715,3
26903229,364309968,65
26904542,26904559,2
26904543,16541474,4
26904543,26904547,7
26904547,26904552,3
26904547,26904555,7
26904552,16541474,4
26904555,16541478,36
26904555,26904552,10
26904555,26904547,7
26904559,11426958630,0
26904559,26745960,39
26938187,802800009,0
26938187,21487144,11
26943818,213227878,61
26943818,16541465,1
26943821,16541464,0
26943821,5257308487,19
26943854,213227878,10
26944215,26731237,28
27501680,26739108,6
27501680,5313873458,133
27559635,27559636,1
27559635,27559689,62
27559636,27587405,2
27559636,16541457,2
27559689,27559692,18
27559689,27559636,62
27559692,250055663,0
27559692,27559689,18
27559692,26785788,156
27560124,16541461,4
27560124,16541464,51
27587405,16541457,3
27587405,16541461,47
27603959,26624556,0
29030447,267046792,42
29030447,16541478,8
29030458,29030447,4
29030467,156869073,8
29030467,16541483,17
29030468,26745957,0
29272980,29030458,8
29272980,16541465,85
29272980,282763131,6
29831527,20246271,0
29831527,26787978,2
30427948,30427949,3
30427949,30427952,0
30427949,30427951,6
30427951,30427952,6
30427951,26682534,18
30427952,26784424,1
30736688,26750462,1
30736688,26682534,74
30736688,26662466,31
156869073,16541486,0
156869073,29030468,4
197381698,26761245,4
197381698,3666634604,17
213227878,26943854,10
213227878,26943818,61
250055663,27559692,0
251106770,26662404,119
251106770,21487143,3
254336400,678884838,0
254336400,26761227,21
254990838,602232361,2
254990838,602244739,22
256724098,27559635,2
263125693,26751315,1
263125693,26751257,23
267046792,16541483,19
267046792,29030447,42
267980715,675602656,0
268107482,26745992,5
268107482,16541488,34
268111126,26839931,2
270182847,26624530,22
270182848,26708501,26
270182848,26743960,2
272427526,272427530,2
272427526,26731232,2
272427530,26787053,22
282763131,16541478,0
282763131,29272980,6
282763131,29030458,3
312215682,26682643,1
312215682,26743963,23
364309968,26938187,1
364309968,26903229,65
401899514,16541488,37
401899514,26905529,4
527332338,16541467,1
527332338,256724098,71
538599447,26740515,6
538599447,27603959,32
601409794,601409797,0
601409794,26787933,14
601409797,601409794,0
601409797,26731248,31
602232361,26646224,11
602232362,602232361,0
602232362,254990838,3
602232364,26646224,0
602232364,602232362,11
602232365,602232364,2
602232365,26624548,55
602244712,602244728,1
602244712,26739127,29
602244726,602244728,0
602244726,602244712,1
602244728,602244733,0
602244733,26838117,0
602244733,602244739,3
602244739,26838117,3
602244739,254990838,22
675602656,267980715,0
675602656,26903229,2
678884838,254336400,0
678884838,197381698,2
802800009,26938187,0
802800009,364309968,1
835558089,27501680,6
935612264,1189251454,0
935612264,26729487,27
1083647948,1083648409,0
1083647948,26642107,160
1083648409,1083647948,0
1083648409,26739109,6
1092585666,26745971,5
1092585666,16541471,4
1189251454,935612264,0
1189251454,26738439,3
1560791805,26762983,2
1560791805,26787978,6
1560792391,21487146,5
1560792391,26763048,70
1753097278,10561958880,1
1753097278,1753097282,0
1753097282,527332338,11
1882209726,5496911313,5
1882209726,3229469783,22
2296386929,26785791,10
2306718621,26743963,2
2306718621,26743960,46
3229469783,26761220,31
3229469783,1882209726,22
3666634602,26761245,21
3666634604,3666634602,0
3666634604,26761221,15
4782393069,4782393070,1
4782393069,26736196,58
4782393070,4782393069,1
4782393070,26708454,1
5074020157,26731192,8
5257308487,5257308490,1
5257308487,26943818,16
5257308490,5257308487,1
5257308490,16541464,19
5313873458,26736505,11
5496911310,26763065,3
5496911310,26734491,45
5496911312,26704508,0
5496911312,5496911313,9
5496911313,1882209726,5
5496911313,5496911312,9
9052311226,1753097282,2
9052311226,1753097278,2
9072528195,254336400,6
9072528195,197381698,4
10561958880,16541468,10
11165604712,26646260,6
11165604712,26736225,36
11188100344,11165604712,5
11426958630,1753097278,2
11426958630,10561958880,3
